{
    "scale_data": [
        0.058823529411764705,
        0.005025125628140704,
        0.00819672131147541,
        0.010101010101010102,
        0.001182033096926714,
        0.01490312965722802,
        0.4269854824935952,
        0.016666666666666666
    ],
    "params": {
        "intercept": [
            -5.4588759067073
        ],
        "coefficient": [
            [
                0.961841714635369,
                4.3792215159839145,
                -0.5630785420755008,
                0.26782390376972703,
                -0.2758774625488156,
                3.3224032666260106,
                1.1309811021541274,
                1.7167457502276071
            ]
        ],
        "classes": [
            0,
            1
        ]
    }
}